"Name","playerid","Team","Pos","PA","IP","Primary WAR","Total WAR"
"George Brett","1001400","Royals","3B","515","","9.08924770355225","9.1"
"Mike Schmidt","1011586","Phillies","3B","652","","8.96442985534668","9.0"
"Steve Carlton","1001964","Phillies","P","","304.0","8.82807350158691","8.8"
"Rickey Henderson","194","Athletics","LF","722","","7.82746124267578","7.8"
"Willie Wilson","1014113","Royals","CF/LF","745","","6.95714664459229","7.0"
"Keith Hernandez","1005706","Cardinals","1B","690","","6.90140676498413","6.9"
"Ben Oglivie","1009746","Brewers","LF","660","","6.56291198730469","6.6"
"Cecil Cooper","1002592","Brewers","1B","678","","6.56184530258179","6.6"
"Willie Randolph","1010694","Yankees","2B","642","","6.45517539978027","6.5"
"Dwayne Murphy","1009359","Athletics","CF","702","","6.25090265274048","6.3"
"Al Bumbry","1001649","Orioles","CF","738","","6.1143798828125","6.1"
"Robin Yount","1014396","Brewers","SS","647","","6.07239198684692","6.1"
"Gary Carter","1002015","Expos","C","617","","6.03380727767944","6.0"
"Buddy Bell","1000799","Rangers","3B","534","","5.99412393569946","6.0"
"Mike Norris","1009637","Athletics","P","","284.1","5.98177051544189","6.0"
"Andre Dawson","1003091","Expos","CF","638","","5.96647357940674","6.0"
"Dale Murphy","1009355","Braves","CF","633","","5.70226430892944","5.7"
"Tony Armas","1000305","Athletics","RF","666","","5.49012851715088","5.5"
"Terry Puhl","1010562","Astros","RF","608","","5.28071022033691","5.3"
"Ron Cey","1002108","Dodgers","3B","630","","5.21547937393188","5.2"
"Ted Simmons","1011986","Cardinals","C","562","","5.20741653442383","5.2"
"Jon Matlack","1008246","Rangers","P","","234.2","5.16784715652466","5.2"
"Len Barker","1000546","Indians","P","","246.1","5.16675901412964","5.2"
"Reggie Jackson","1006308","Yankees","RF/DH","601","","4.95718622207642","5.0"
"Scott McGregor","1008546","Orioles","P","","252.0","4.89355516433716","4.9"
"Cesar Cedeno","1002100","Astros","CF","569","","4.81807518005371","4.8"
"Bob Forsch","1004233","Cardinals","P","","214.2","3.5312831401825","4.8"
"Tommy John","1006515","Yankees","P","","265.1","4.6892032623291","4.7"
"Fred Lynn","1007872","Red Sox","CF","478","","4.55982351303101","4.6"
"Rick Reuschel","1010852","Cubs","P","","257.0","4.67872762680054","4.6"
"Jerry Reuss","1010853","Dodgers","P","","229.1","4.61682510375977","4.5"
"Britt Burns","1001702","White Sox","P","","238.0","4.45010662078857","4.5"
"Joe Niekro","1009582","Astros","P","","256.0","3.38762855529785","4.4"
"Jose Cruz","1002841","Astros","LF","680","","4.42365837097168","4.4"
"Bobby Grich","1005033","Angels","2B","596","","4.38055419921875","4.4"
"Dave Stieb","1012532","Blue Jays","P","","242.2","4.3366551399231","4.3"
"Dusty Baker","1000450","Dodgers","LF","638","","4.31205749511719","4.3"
"Nolan Ryan","1011348","Astros","P","","233.2","4.49328899383545","4.3"
"Eddie Murray","1009386","Orioles","1B","683","","4.28507375717163","4.3"
"Alan Trammell","1013157","Tigers","SS","652","","4.26706314086914","4.3"
"Steve Rogers","1011138","Expos","P","","281.0","4.00640344619751","4.3"
"John Candelaria","1001909","Pirates","P","","233.1","4.04878234863281","4.3"
"Floyd Bannister","1000516","Mariners","P","","217.2","4.19978618621826","4.2"
"Ken Singleton","1012011","Orioles","RF","680","","4.19840002059937","4.2"
"Reggie Smith","1012201","Dodgers","RF","362","","4.17733335494995","4.2"
"George Foster","1004250","Reds","LF","608","","4.14523935317993","4.1"
"Darrell Evans","1003864","Giants","3B","653","","4.13943576812744","4.1"
"Larry Gura","1005150","Royals","P","","283.1","4.09395694732666","4.1"
"Rick Cerone","1002105","Yankees","C","575","","4.07717895507813","4.1"
"Jack Clark","1002288","Giants","RF","524","","4.07171630859375","4.1"
"Rudy May","1008310","Yankees","P","","175.1","4.06809377670288","4.1"
"Gene Richards","1010907","Padres","LF","712","","4.03305149078369","4.0"
"Moose Haas","1005172","Brewers","P","","252.1","4.01405954360962","4.0"
"Joe Morgan","1009179","Astros","2B","562","","4.00814390182495","4.0"
"Mike Easler","1003635","Pirates","RF/LF","445","","4.00033378601074","4.0"
"Jason Thompson","1013014","- - -","1B/DH","529","","3.95714129507542","4.0"
"Ozzie Smith","1012186","Padres","SS","712","","3.95344042778015","4.0"
"Bucky Dent","1003212","Yankees","SS","553","","3.94897890090942","3.9"
"George Hendrick","1005642","Cardinals","RF/CF","613","","3.94783353805542","3.9"
"Gene Tenace","1012911","Padres","C","416","","3.91661858558655","3.9"
"Ron Guidry","1005124","Yankees","P","","219.2","3.89261865615845","3.9"
"Chet Lemon","1007518","White Sox","CF","604","","3.88215398788452","3.9"
"Lance Parrish","1010021","Tigers","C","592","","3.87270259857178","3.9"
"Toby Harrah","1005384","Indians","3B","675","","3.86293745040894","3.9"
"J.R. Richard","1010913","Astros","P","","113.2","3.76751279830933","3.8"
"Jerry Koosman","1007103","Twins","P","","243.1","3.83338451385498","3.8"
"Carlton Fisk","1004101","Red Sox","C","530","","3.79613280296326","3.8"
"Doug DeCinces","1003123","Orioles","3B","549","","3.78232598304749","3.8"
"John Castino","1002062","Twins","3B","599","","3.78081583976746","3.8"
"Garry Templeton","1012909","Cardinals","SS","524","","3.77804327011108","3.8"
"Ron Hassey","1005479","Indians","C","447","","3.73676133155823","3.7"
"Roy Smalley","1012078","Twins","SS","564","","3.70720195770264","3.7"
"Dick Ruthven","1011330","Phillies","P","","223.1","3.15486669540405","3.7"
"Jack Morris","1009211","Tigers","P","","250.0","3.72266674041748","3.7"
"Steve Kemp","1006827","Tigers","LF/DH","591","","3.69374585151672","3.7"
"Gaylord Perry","1010210","- - -","P","","205.2","3.69340622425079","3.7"
"Paul Molitor","1009040","Brewers","2B","512","","3.65815854072571","3.7"
"Dave Winfield","1014127","Padres","RF","643","","3.55593204498291","3.6"
"Geoff Zahn","1014410","Twins","P","","232.2","3.55474948883057","3.6"
"Rick Dempsey","1003203","Orioles","C","406","","3.55421900749207","3.6"
"Jerry Mumphrey","1009314","Padres","CF","622","","3.54351234436035","3.5"
"Bob Horner","1006026","Braves","3B","495","","3.54322457313538","3.5"
"Frank Tanana","1012818","Angels","P","","204.0","3.50914287567139","3.5"
"Dennis Leonard","1007531","Royals","P","","280.1","3.46926474571228","3.5"
"Ken Griffey","1005044","Reds","RF","615","","3.46471309661865","3.5"
"Dave Revering","1010855","Athletics","1B","412","","3.42812085151672","3.4"
"Al Oliver","1009773","Rangers","LF","709","","3.42498230934143","3.4"
"Ellis Valentine","1013326","Expos","RF","343","","3.40730571746826","3.4"
"Gorman Thomas","1012979","Brewers","CF","697","","3.39227819442749","3.4"
"Ken Oberkfell","1009677","Cardinals","2B","486","","3.39208245277405","3.4"
"Rick Langford","1007319","Athletics","P","","290.0","3.3604199886322","3.4"
"Dave Collins","1002449","Reds","CF","613","","3.35284733772278","3.4"
"Phil Niekro","1009583","Braves","P","","275.0","3.65222835540771","3.3"
"Lee Lacy","1007243","Pirates","LF","314","","3.34073352813721","3.3"
"Bob Welch","1013750","Dodgers","P","","213.2","2.89113974571228","3.3"
"Mike Hargrove","1005361","Indians","1B","720","","3.31905364990234","3.3"
"Bert Blyleven","1001098","Pirates","P","","216.2","3.8534893989563","3.3"
"Manny Trillo","1013184","Phillies","2B","573","","3.30486035346985","3.3"
"Frank Pastore","1010048","Reds","P","","184.2","3.3755202293396","3.3"
"Lee Mazzilli","1008318","Mets","1B/CF","668","","3.27745199203491","3.3"
"Mike Krukow","1007185","Cubs","P","","205.0","2.87065243721008","3.3"
"Bill Gullickson","1005136","Expos","P","","141.0","3.1780002117157","3.2"
"Dave Stapleton","1012423","Red Sox","2B","472","","3.23213076591492","3.2"
"Doc Medich","1008714","Rangers","P","","204.1","3.22106862068176","3.2"
"Jim Sundberg","1012724","Rangers","C","581","","3.21736431121826","3.2"
"Roger Erickson","1003812","Twins","P","","191.1","3.18553948402405","3.2"
"Jim Clancy","1002255","Blue Jays","P","","250.2","3.16992568969727","3.2"
"Steve Trout","1013197","White Sox","P","","199.2","3.16681957244873","3.2"
"Johnny Bench","1000826","Reds","C","407","","3.16570925712585","3.2"
"Rich Gossage","1004894","Yankees","P","","99.0","3.15199947357178","3.2"
"Bake McBride","1008340","Phillies","RF","593","","3.13123869895935","3.1"
"Bruce Bochte","1001106","Mariners","1B","603","","3.09755873680115","3.1"
"Steve Garvey","1004557","Dodgers","1B","704","","3.09028482437134","3.1"
"Dwight Evans","1003865","Red Sox","RF","542","","3.08756375312805","3.1"
"Rod Carew","1001942","Angels","1B","612","","3.04965710639954","3.0"
"Dan Driessen","1003501","Reds","1B","632","","3.03417015075684","3.0"
"Tim Blackwell","1001022","Cubs","C","366","","3.02638030052185","3.0"
"Tom Burgmeier","1001668","Red Sox","P","","99.0","3.00172877311707","3.0"
"Doyle Alexander","1000122","Braves","P","","231.2","2.91866636276245","3.0"
"Rick Waits","1013494","Indians","P","","224.1","2.96518445014954","3.0"
"Dennis Eckersley","1003660","Red Sox","P","","197.2","2.94638514518738","2.9"
"Steve Stone","1012573","Orioles","P","","250.2","2.94155526161194","2.9"
"Phil Garner","1004541","Pirates","2B","610","","2.93375325202942","2.9"
"Miguel Dilone","1003309","Indians","LF","566","","2.93064641952515","2.9"
"Mike Flanagan","1004133","Orioles","P","","251.1","2.90101480484009","2.9"
"Ken Forsch","1004234","Astros","P","","222.1","2.43753385543823","2.9"
"Don Robinson","1011061","Pirates","P","","160.1","2.13141703605652","2.9"
"Jim Bibby","1000945","Pirates","P","","238.1","2.55580186843872","2.8"
"Vida Blue","1001094","Giants","P","","224.0","3.25379967689514","2.8"
"Rich Dauer","1003006","Orioles","2B","618","","2.76848959922791","2.8"
"John Wathan","1013666","Royals","C","510","","2.74863576889038","2.7"
"Vern Ruhle","1011297","Astros","P","","159.1","2.23045372962952","2.7"
"Butch Wynegar","1014308","Twins","C","564","","2.74479746818542","2.7"
"Fergie Jenkins","1006388","Rangers","P","","198.0","2.72938895225525","2.7"
"Wayne Gross","1005091","Athletics","3B","419","","2.72651433944702","2.7"
"Ed Whitson","1013911","Giants","P","","211.2","3.20675349235535","2.7"
"Pete Vuckovich","1013461","Cardinals","P","","222.1","2.51841640472412","2.7"
"Tom Underwood","1013281","Yankees","P","","187.0","2.68316793441772","2.7"
"Joel Youngblood","1014383","Mets","RF/CF","577","","2.67788624763489","2.7"
"Chris Chambliss","1002119","Braves","1B","661","","2.67100596427917","2.7"
"U L Washington","1013659","Royals","SS","614","","2.66498351097107","2.7"
"Mickey Rivers","1011005","Rangers","CF","661","","2.65474486351013","2.7"
"Bob Watson","1013677","Yankees","1B","525","","2.61058974266052","2.6"
"Rick Burleson","1001696","Red Sox","SS","718","","2.60444188117981","2.6"
"Mike Torrez","1013134","Red Sox","P","","207.1","2.58793592453003","2.6"
"Doug Corbett","1002608","Twins","P","","136.1","2.57684588432312","2.6"
"Rick Rhoden","1010887","Pirates","P","","126.2","1.72518181800842","2.5"
"Dan Petry","1010246","Tigers","P","","164.2","2.5455756187439","2.5"
"Rick Honeycutt","1005992","Mariners","P","","203.1","2.5423264503479","2.5"
"Tommy Boggs","1001123","Braves","P","","192.1","2.80473327636719","2.5"
"Danny Darwin","1002996","Rangers","P","","109.2","2.525141954422","2.5"
"Glenn Abbott","1000010","Mariners","P","","215.0","2.51945281028748","2.5"
"Tug McGraw","1008545","Phillies","P","","92.1","2.47401118278503","2.5"
"Bob Stanley","1012409","Red Sox","P","","175.0","2.48053479194641","2.5"
"Mario Soto","1012289","Reds","P","","190.1","3.0960488319397","2.5"
"Lary Sorensen","1012279","Brewers","P","","195.2","2.44707703590393","2.4"
"Joe Charboneau","1002156","Indians","LF/DH","512","","2.43900442123413","2.4"
"Al Woods","1014234","Blue Jays","LF","417","","2.41362643241882","2.4"
"Don Sutton","1012745","Dodgers","P","","212.1","2.96795272827148","2.4"
"Jim Morrison","1009212","White Sox","2B","666","","2.37348532676697","2.4"
"Paul Splittorff","1012346","Royals","P","","204.0","2.36500954627991","2.4"
"Jorge Orta","1009853","Indians","RF","564","","2.33164286613464","2.3"
"Willie Aikens","1000090","Royals","1B","623","","2.32060098648071","2.3"
"Jim Rice","1010897","Red Sox","LF","542","","2.2830548286438","2.3"
"Luis Tiant","1013054","Yankees","P","","136.1","2.24943685531616","2.2"
"Scott Sanderson","1011422","Expos","P","","211.1","2.67189955711365","2.2"
"Ray Knight","1007043","Reds","3B","667","","2.24550175666809","2.2"
"Rollie Fingers","1004051","Padres","P","","103.0","1.998122215271","2.2"
"Don Money","1009052","Brewers","3B","336","","2.21885204315186","2.2"
"Lonnie Smith","1012176","Phillies","RF/LF","331","","2.2187557220459","2.2"
"Ron LeFlore","1007478","Expos","LF","587","","2.2155168056488","2.2"
"Billy North","1009638","Giants","CF","500","","2.18945074081421","2.2"
"Champ Summers","1012718","Tigers","DH","408","","2.16295790672302","2.2"
"Matt Keough","1006858","Athletics","P","","250.0","2.15808272361755","2.2"
"Hal McRae","1008687","Royals","DH","532","","2.1457417011261","2.1"
"Dan Schatzeder","1011527","Tigers","P","","192.2","2.11509037017822","2.1"
"Jim Gantner","1004483","Brewers","2B/3B","457","","2.11491250991821","2.1"
"Roy Howell","1006104","Blue Jays","3B","592","","2.10945868492126","2.1"
"Joe Sambito","1011392","Astros","P","","90.1","2.16676950454712","2.1"
"Gary Lucas","1007805","Padres","P","","150.0","2.05889511108398","2.1"
"Mark Clear","1002330","Angels","P","","106.1","2.06165742874146","2.1"
"Tom Brookens","1001476","Tigers","3B","551","","2.05847024917603","2.1"
"Dave Goltz","1004818","Dodgers","P","","171.1","1.96353435516357","2.1"
"Rick Peters","1010237","Tigers","CF","546","","2.03043580055237","2.0"
"Steve Henderson","1005636","Mets","LF","584","","2.0231397151947","2.0"
"Paul Moskau","1009245","Reds","P","","152.2","2.08245968818665","2.0"
"Bill Russell","1011311","Dodgers","SS","500","","2.01870107650757","2.0"
"Milt Wilcox","1013939","Tigers","P","","198.2","1.99827826023102","2.0"
"Brian Kingman","1006938","Athletics","P","","211.1","1.99465143680573","2.0"
"Bob Walk","1013507","Phillies","P","","151.2","1.9550256729126","2.0"
"Clint Hurdle","1006216","Royals","RF","438","","1.94259834289551","1.9"
"John Stearns","1012446","Mets","C","363","","1.9343649148941","1.9"
"Dan Quisenberry","1010622","Royals","P","","128.1","1.91535115242004","1.9"
"Garry Maddox","1007948","Phillies","CF","583","","1.90457725524902","1.9"
"Oscar Gamble","1004473","Yankees","LF/DH","229","","1.90150988101959","1.9"
"Rusty Staub","1012440","Rangers","1B/DH","388","","1.89506053924561","1.9"
"John Denny","1003210","Indians","P","","108.2","1.88918733596802","1.9"
"Darrell Jackson","1006294","Twins","P","","172.0","1.88855981826782","1.9"
"Don Aase","1000003","Angels","P","","175.0","1.87723588943481","1.9"
"Bruce Sutter","1012743","Cubs","P","","102.1","1.93933284282684","1.9"
"Ed Ott","1009900","Pirates","C","430","","1.86254155635834","1.9"
"Darrell Porter","1010450","Royals","C/DH","495","","1.86230540275574","1.9"
"Richie Hebner","1005571","Tigers","1B/3B","388","","1.86120700836182","1.9"
"Bob Knepper","1007031","Giants","P","","215.1","1.86976683139801","1.9"
"Woodie Fryman","1004381","Expos","P","","80.0","1.88180065155029","1.9"
"Jim Palmer","1009973","Orioles","P","","224.0","1.8314300775528","1.8"
"Steve Renko","1010835","Red Sox","P","","165.1","1.81654167175293","1.8"
"Bill Buckner","1001625","Cubs","1B/LF","614","","1.8085709810257","1.8"
"Tim Stoddard","1012556","Orioles","P","","86.0","1.80084693431854","1.8"
"David Palmer","1009970","Expos","P","","129.2","1.62725949287415","1.8"
"Eric Soderholm","1012260","Yankees","3B/DH","304","","1.79682457447052","1.8"
"Rich Gale","1004444","Royals","P","","190.2","1.79568648338318","1.8"
"Warren Cromartie","1002786","Expos","1B","657","","1.78718268871307","1.8"
"Ross Baumgarten","1000689","White Sox","P","","136.0","1.78517150878906","1.8"
"John Curtis","1002905","Padres","P","","187.0","1.62165880203247","1.8"
"John Tudor","1013215","Red Sox","P","","92.1","1.77106261253357","1.8"
"Art Howe","1006092","Astros","1B","364","","1.7643449306488","1.8"
"Larry Christenson","1002215","Phillies","P","","73.2","1.21222412586212","1.7"
"Rob Dressler","1003495","Mariners","P","","149.1","1.73705303668976","1.7"
"Dan Graham","1004928","Orioles","C","285","","1.68919932842255","1.7"
"Enrique Romo","1011175","Pirates","P","","123.2","1.23461806774139","1.7"
"Gary Roenicke","1011120","Orioles","RF/LF","349","","1.67948651313782","1.7"
"John Mayberry","1008289","Blue Jays","1B","588","","1.67930912971497","1.7"
"Dave Concepcion","1002494","Reds","SS","668","","1.67720532417297","1.7"
"Dave Smith","1012117","Astros","P","","102.2","1.86222910881042","1.7"
"Milt May","1008304","Giants","C","393","","1.6617978811264","1.7"
"Otto Velez","1013399","Blue Jays","DH","417","","1.66022074222565","1.7"
"Pete Redfern","1010751","Twins","P","","104.2","1.65982127189636","1.7"
"Larry Harlow","1005369","Angels","RF/CF","355","","1.65536487102509","1.7"
"Amos Otis","1009893","Royals","CF","448","","1.64643883705139","1.6"
"Steve Howe","1006107","Dodgers","P","","84.2","1.70555746555328","1.6"
"Glenn Hubbard","1006120","Braves","2B","487","","1.60470676422119","1.6"
"Shane Rawley","1010719","Mariners","P","","113.2","1.59447991847992","1.6"
"John Wockenfuss","1014176","Tigers","1B","444","","1.58015501499176","1.6"
"Bobby Brown","1001497","Yankees","CF","446","","1.57831525802612","1.6"
"Tippy Martinez","1008200","Orioles","P","","80.2","1.57477104663849","1.6"
"Bump Wills","1014049","Rangers","2B","655","","1.57336270809174","1.6"
"Leon Durham","1003592","Cardinals","RF/LF","330","","1.56332838535309","1.6"
"Omar Moreno","1009167","Pirates","CF","745","","1.54674351215363","1.5"
"Luis Salazar","1011378","Padres","3B","183","","1.53500354290009","1.5"
"Aurelio Lopez","1007753","Tigers","P","","124.0","1.51997053623199","1.5"
"Charlie Moore","1009099","Brewers","C","356","","1.51390314102173","1.5"
"Jay Johnstone","1006463","Dodgers","RF","279","","1.49456870555878","1.5"
"Tom Hume","1006179","Reds","P","","137.0","1.43874204158783","1.5"
"Rick Monday","1009051","Dodgers","RF/CF","223","","1.48326790332794","1.5"
"Pedro Guerrero","1005120","Dodgers","RF/CF","199","","1.47193562984467","1.5"
"Leon Roberts","1011040","Mariners","RF","427","","1.46163213253021","1.5"
"Richard Dotson","1003424","White Sox","P","","198.0","1.45442795753479","1.5"
"Chris Speier","1012316","Expos","SS","447","","1.44525456428528","1.4"
"Graig Nettles","1009517","Yankees","3B","369","","1.44460833072662","1.4"
"Frank White","1013872","Royals","2B","594","","1.41938233375549","1.4"
"Victor Cruz","1002845","Indians","P","","86.0","1.4103821516037","1.4"
"Joaquin Andujar","1000266","Astros","P","","122.0","1.10843670368195","1.4"
"Damaso Garcia","1004498","Blue Jays","2B","565","","1.40948796272278","1.4"
"Lamar Johnson","1006481","White Sox","1B/DH","596","","1.39536988735199","1.4"
"Elias Sosa","1012284","Expos","P","","93.2","1.47276139259338","1.4"
"Tim Foli","1004202","Pirates","SS","540","","1.37320244312286","1.4"
"Terry Crowley","1002829","Orioles","DH","266","","1.36920428276062","1.4"
"Dan Spillner","1012342","Indians","P","","194.1","1.36353290081024","1.4"
"Jim Essian","1003835","Athletics","C","321","","1.36027646064758","1.4"
"Roy Lee Jackson","1006311","Mets","P","","70.2","1.33572423458099","1.3"
"Ivan DeJesus","1003150","Cubs","SS","692","","1.32699906826019","1.3"
"Lynn McGlothen","1008534","Cubs","P","","182.1","1.04121339321136","1.3"
"Richie Zisk","1014455","Rangers","RF/DH","492","","1.32088148593903","1.3"
"Burt Hooton","1006005","Dodgers","P","","206.2","1.76501286029816","1.3"
"Reggie Cleveland","1002347","Brewers","P","","154.1","1.29765629768372","1.3"
"Al Holland","1005947","Giants","P","","82.1","1.1006942987442","1.3"
"Lou Whitaker","1013846","Tigers","2B","568","","1.28843855857849","1.3"
"Dane Iorg","1006267","Cardinals","LF","275","","1.2850798368454","1.3"
"Sam Mejias","1008742","Reds","RF/CF","117","","1.27369999885559","1.3"
"Steve Mura","1009337","Padres","P","","168.2","1.26300823688507","1.3"
"Jerry Garvin","1004558","Blue Jays","P","","82.2","1.26586389541626","1.3"
"Jim Kaat","1006660","- - -","P","","134.2","1.14371575042605","1.2"
"Derrel Thomas","1012971","Dodgers","SS/CF","332","","1.24212241172791","1.2"
"Bill Castro","1002077","Brewers","P","","84.1","1.24066388607025","1.2"
"Dave Rozema","1011273","Tigers","P","","144.2","1.22638654708862","1.2"
"Rudy Law","1007402","Dodgers","CF","418","","1.22330868244171","1.2"
"Dave Parker","1010000","Pirates","RF","550","","1.19967138767242","1.2"
"Davey Lopes","1007750","Dodgers","2B","625","","1.19789659976959","1.2"
"Dave Rader","1010636","Red Sox","C","152","","1.19534707069397","1.2"
"Charlie Leibrandt","1007492","Reds","P","","173.2","1.00637829303741","1.2"
"Dave Kingman","1006939","Cubs","LF","280","","1.17850053310394","1.2"
"Junior Kennedy","1006845","Reds","2B","385","","1.17654871940613","1.2"
"Bill Madlock","1007957","Pirates","3B","546","","1.17630553245544","1.2"
"Alan Bannister","1000515","- - -","2B","443","","1.17420774698257","1.2"
"Larry Parrish","1010020","Expos","3B","501","","1.17367851734161","1.2"
"John Henry Johnson","1006472","Rangers","P","","38.2","1.17255830764771","1.2"
"Bob Molinaro","1009039","White Sox","LF/DH","384","","1.17074310779572","1.2"
"La Marr Hoyt","1006114","White Sox","P","","112.1","1.16541957855225","1.2"
"John Lowenstein","1007790","Orioles","LF","231","","1.13793504238129","1.1"
"Sixto Lezcano","1007593","Brewers","RF","460","","1.12477457523346","1.1"
"Mark Bomback","1001156","Mets","P","","162.2","0.613097727298737","1.1"
"Dave Roberts","1011031","- - -","P","","82.2","1.09507794864476","1.1"
"Del Unser","1013286","Phillies","1B","123","","1.09496760368347","1.1"
"Greg Minton","1008986","Giants","P","","91.1","1.08117854595184","1.1"
"Glenn Hoffman","1005905","Red Sox","3B","346","","1.08734786510468","1.1"
"Paul Mitchell","1009009","Brewers","P","","89.1","1.08713018894196","1.1"
"Dave LaRoche","1007354","Angels","P","","128.0","1.0756756067276","1.1"
"Barry Bonnell","1001171","Blue Jays","RF/CF","509","","1.0617618560791","1.1"
"Pat Underwood","1013280","Tigers","P","","112.2","1.05886662006378","1.1"
"Rick Camp","1001901","Braves","P","","108.1","1.09041547775269","1.1"
"Mike Squires","1012371","White Sox","1B","388","","1.0576651096344","1.1"
"Ron Davis","1003075","Yankees","P","","131.0","1.07196140289307","1.1"
"Rick Miller","1008928","Angels","CF","470","","1.05394542217255","1.1"
"Mike Caldwell","1001830","Brewers","P","","225.1","1.05353176593781","1.1"
"Rob Wilfong","1013943","Twins","2B","466","","1.0526636838913","1.1"
"Bill Caudill","1002088","Cubs","P","","127.2","0.99853903055191","1.0"
"Rafael Landestoy","1007292","Astros","2B/SS","434","","1.04282319545746","1.0"
"Willie Stargell","1012426","Pirates","1B","231","","1.0315877199173","1.0"
"Jim Beattie","1000731","Mariners","P","","187.1","1.02550601959229","1.0"
"Dennis Lamp","1007284","Cubs","P","","202.2","1.38144862651825","1.0"
"Randy Lerch","1007551","Phillies","P","","150.0","0.469219475984573","1.0"
"Hosken Powell","1010486","Twins","RF","523","","1.00915348529816","1.0"
"Rick Wise","1014155","Padres","P","","154.1","1.07164013385773","1.0"
"Jerry White","1013880","Expos","LF","249","","1.00092971324921","1.0"
"Rick Matula","1008268","Braves","P","","176.2","1.36554503440857","1.0"
"Alan Hargesheimer","1005357","Giants","P","","75.0","0.87963593006134","1.0"
"Ron Reed","1010773","Phillies","P","","91.1","0.877163946628571","1.0"
"Ron Oester","1009739","Reds","2B","335","","0.960867166519165","1.0"
"Mike Vail","1013309","Cubs","RF","328","","0.949011325836182","0.9"
"Gene Garber","1004493","Braves","P","","82.1","0.903003334999084","0.9"
"Pete Falcone","1003910","Mets","P","","157.1","1.01258134841919","0.9"
"Broderick Perkins","1010190","Padres","1B/RF","111","","0.944633781909943","0.9"
"Alfredo Martinez","1008151","Angels","P","","149.1","0.943531811237335","0.9"
"Tony Perez","1010188","Red Sox","1B","635","","0.923764288425446","0.9"
"Carl Yastrzemski","1014326","Red Sox","LF/DH","412","","0.916676998138428","0.9"
"Mike LaCoss","1007240","Reds","P","","169.1","1.25654399394989","0.9"
"Jesse Jefferson","1006380","- - -","P","","128.1","0.931072860956192","0.9"
"Bruce Benedict","1000829","Braves","C","402","","0.893436431884766","0.9"
"John Martin","1008179","Cardinals","P","","42.0","0.802574574947357","0.9"
"Andy Rincon","1010970","Cardinals","P","","31.0","0.836101889610291","0.9"
"Pat Kelly","1006810","Orioles","LF/DH","237","","0.871662259101868","0.9"
"Terry Whitfield","1013899","Giants","LF","348","","0.867157697677612","0.9"
"Randy Jones","1006582","Padres","P","","154.1","1.21895253658295","0.9"
"Mike Proly","1010545","White Sox","P","","146.2","0.852630198001862","0.9"
"Tom Paciorek","1009938","Mariners","1B/RF","441","","0.843987464904785","0.8"
"Jose Morales","1009139","Twins","DH","269","","0.843264758586884","0.8"
"Elliott Maddox","1007947","Mets","3B","478","","0.841746091842651","0.8"
"Denny Walling","1013559","Astros","1B","321","","0.829502701759338","0.8"
"Joe Ferguson","1003990","Dodgers","C","214","","0.826345682144165","0.8"
"Craig Swan","1012754","Mets","P","","128.1","0.538576245307922","0.8"
"Dennis Werth","1013791","Yankees","1B/DH","78","","0.813956618309021","0.8"
"Willie Hernandez","1005714","Cubs","P","","108.1","0.775871753692627","0.8"
"Bob Lacey","1007232","Athletics","P","","79.2","0.809181213378906","0.8"
"Gary Allenson","1000141","Red Sox","C","85","","0.807179510593414","0.8"
"Pete Mackanin","1007912","Twins","2B/SS","342","","0.805570602416992","0.8"
"Neil Allen","1000154","Mets","P","","97.1","0.813426434993744","0.8"
"Joe Nolan","1009617","- - -","C","200","","0.801069486886263","0.8"
"Barry Foote","1004210","Cubs","C","216","","0.798101246356964","0.8"
"Alan Ashby","1000336","Astros","C","394","","0.794833242893219","0.8"
"Gary Ward","1013611","Twins","LF","46","","0.79155969619751","0.8"
"Marty Bystrom","1001802","Phillies","P","","36.0","0.881596803665161","0.8"
"Jeff Burroughs","1001731","Braves","LF","318","","0.785335063934326","0.8"
"John Butcher","1001762","Rangers","P","","35.1","0.78518009185791","0.8"
"Rowland Office","1009741","Expos","RF/CF","335","","0.778505742549896","0.8"
"Len Randle","1010693","Cubs","3B","549","","0.77472722530365","0.8"
"Greg Luzinski","1007855","Phillies","LF","438","","0.772786259651184","0.8"
"Chuck Rainey","1010654","Red Sox","P","","87.0","0.769024670124054","0.8"
"Bob Boone","1001183","Phillies","C","535","","0.764633238315582","0.8"
"Dave Frost","1004376","Angels","P","","78.1","0.725012004375458","0.7"
"Larry Hisle","1005858","Brewers","DH","76","","0.724331378936768","0.7"
"Mike Stanton","1012421","Indians","P","","85.2","0.710630595684052","0.7"
"Jim Dwyer","1003608","Red Sox","RF/CF","292","","0.710484087467194","0.7"
"Alex Trevino","1013180","Mets","C","376","","0.708737194538116","0.7"
"Gary Lavelle","1007389","Giants","P","","100.0","0.900782644748688","0.7"
"Ron Jackson","1006310","Twins","1B","434","","0.703352689743042","0.7"
"Jerry Remy","1010828","Red Sox","2B","249","","0.702422976493835","0.7"
"Allen Ripley","1010979","Giants","P","","112.2","0.702148377895355","0.7"
"Paul Mirabella","1008989","Blue Jays","P","","130.2","0.68619304895401","0.7"
"Joe Beckwith","1000758","Dodgers","P","","59.2","0.665168821811676","0.7"
"Keith Moreland","1009161","Phillies","C","171","","0.677012264728546","0.7"
"Benny Ayala","1000383","Orioles","LF/DH","191","","0.675842463970184","0.7"
"Jim Wohlford","1014179","Giants","LF","210","","0.645342409610748","0.6"
"Bob Owchinko","1009914","Indians","P","","114.1","0.629023730754852","0.6"
"Bruce Kison","1006978","Angels","P","","73.1","0.628829658031464","0.6"
"Fernando Arroyo","1000327","Twins","P","","92.1","0.627584040164948","0.6"
"Tony Scott","1011695","Cardinals","CF","460","","0.623434484004974","0.6"
"Tom Seaver","1011708","Reds","P","","168.0","0.43426313996315","0.6"
"Mickey Klutts","1007022","Athletics","3B","212","","0.620311439037323","0.6"
"Gary Matthews","1008255","Braves","RF","619","","0.617502391338348","0.6"
"Randy Scarbery","1011497","White Sox","P","","28.2","0.617237389087677","0.6"
"Andy Hassler","1005480","- - -","P","","94.2","0.644799396395683","0.6"
"Ruppert Jones","1006588","Yankees","CF","373","","0.612148880958557","0.6"
"Don Hood","1005994","Cardinals","P","","82.1","0.610391318798065","0.6"
"Mike Sadek","1011361","Giants","C","183","","0.604298055171967","0.6"
"Wayne Garland","1004538","Indians","P","","150.1","0.60130375623703","0.6"
"Mitchell Page","1009954","Athletics","DH","393","","0.585185587406158","0.6"
"Buck Martinez","1008156","Brewers","C","238","","0.582622587680817","0.6"
"Danny Heep","1005576","Astros","1B","97","","0.579718589782715","0.6"
"Johnny Grubb","1005103","Rangers","RF","323","","0.578283965587616","0.6"
"Claudell Washington","1013654","- - -","RF/LF","403","","0.575507581233978","0.6"
"Greg Pryor","1010555","White Sox","3B/SS","367","","0.572831630706787","0.6"
"Fernando Valenzuela","1013327","Dodgers","P","","17.2","0.5785773396492","0.6"
"Bob McClure","1008400","Brewers","P","","90.2","0.564106404781342","0.6"
"Glenn Borgmann","1001201","White Sox","C","103","","0.559491813182831","0.6"
"Dyar Miller","1008889","Mets","P","","42.0","0.585700571537018","0.6"
"Mike Scott","1011691","Mets","P","","29.1","0.522563219070435","0.6"
"Guy Hoffman","1005906","White Sox","P","","37.2","0.549592554569244","0.5"
"Bill Robinson","1011054","Pirates","1B/LF","294","","0.54813426733017","0.5"
"Joe Rudi","1011283","Angels","LF","399","","0.546765327453613","0.5"
"Terry Kennedy","1006850","Cardinals","C/LF","281","","0.534658968448639","0.5"
"Charlie Lea","1007423","Expos","P","","104.0","0.75501275062561","0.5"
"Jeff Reardon","1010741","Mets","P","","110.1","0.593351125717163","0.5"
"Dickie Noles","1009620","Phillies","P","","81.0","0.380527675151825","0.5"
"Roger Weaver","1013704","Tigers","P","","63.2","0.496546536684036","0.5"
"Bobby Castillo","1002057","Dodgers","P","","98.1","0.538751184940338","0.5"
"Hubie Brooks","1001472","Mets","3B","89","","0.490108728408813","0.5"
"Ed Lynch","1007862","Mets","P","","19.1","0.423498600721359","0.5"
"Larry McWilliams","1008700","Braves","P","","163.2","0.460931956768036","0.5"
"Larry Bradford","1001300","Braves","P","","55.1","0.5197674036026","0.5"
"Bud Harrelson","1005387","Rangers","SS","219","","0.47137776017189","0.5"
"Rafael Ramirez","1010673","Braves","SS","174","","0.468379378318787","0.5"
"Bob Bailor","1000433","Blue Jays","RF/LF","388","","0.463947206735611","0.5"
"Sammy Stewart","1012528","Orioles","P","","118.2","0.464367985725403","0.5"
"Pat Zachry","1014407","Mets","P","","164.2","0.948795437812805","0.5"
"Mike Scioscia","1011667","Dodgers","C","152","","0.455595910549164","0.5"
"Ernie Whitt","1013912","Blue Jays","C","325","","0.45235800743103","0.5"
"Mike Jorgensen","1006622","Mets","1B","368","","0.451528072357178","0.5"
"Rodney Scott","1011693","Expos","2B","655","","0.4452745616436","0.4"
"Doug Flynn","1004182","Mets","2B","474","","0.444593489170074","0.4"
"Frank LaCorte","1007239","Astros","P","","83.0","0.393832057714462","0.4"
"Bobby Murcer","1009338","Yankees","LF/DH","345","","0.436591237783432","0.4"
"Larry Bowa","1001243","Phillies","SS","577","","0.436365842819214","0.4"
"Bill Lee","1007448","Expos","P","","118.0","0.331513017416","0.4"
"Grant Jackson","1006298","Pirates","P","","71.0","0.582042753696442","0.4"
"Bill Travers","1013161","Brewers","P","","154.1","0.427874118089676","0.4"
"Larry Herndon","1005717","Giants","CF/LF","521","","0.427446007728577","0.4"
"Jerry Turner","1013228","Padres","RF","168","","0.42114982008934","0.4"
"John Harris","1005422","Angels","1B","49","","0.418783068656921","0.4"
"Jeff Jones","1006566","Athletics","P","","44.1","0.412668734788895","0.4"
"Luis Aguayo","1000085","Phillies","2B/SS","50","","0.410076975822449","0.4"
"Donnie Moore","1009102","Cardinals","P","","21.2","0.107805304229259","0.4"
"Gary Woods","1014237","Astros","RF/LF","55","","0.399926871061325","0.4"
"Bill Stein","1012463","Mariners","3B","225","","0.399273037910461","0.4"
"Randy Bass","1000648","Padres","1B","57","","0.39711520075798","0.4"
"Jeff Newman","1009543","Athletics","C/1B","474","","0.391830384731293","0.4"
"Dave Bergman","1000879","Astros","1B","91","","0.39149084687233","0.4"
"Dave McKay","1008579","Athletics","2B/3B","322","","0.383139967918396","0.4"
"Dewey Robinson","1011060","White Sox","P","","35.0","0.382463544607162","0.4"
"Ron Hodges","1005886","Mets","C","54","","0.378702729940414","0.4"
"Bill Bonham","1001165","Reds","P","","19.0","0.419294834136963","0.4"
"Ralph Botting","1001227","Angels","P","","26.1","0.373768031597137","0.4"
"Julio Valdez","1013312","Red Sox","SS","21","","0.367999821901321","0.4"
"Lynn Jones","1006573","Tigers","RF/DH","66","","0.366302818059921","0.4"
"John D'Acquisto","1002919","- - -","P","","87.2","0.438316449522972","0.4"
"Rick Auerbach","1000362","Reds","3B/SS","37","","0.353744089603424","0.4"
"Doug Bird","1000976","Yankees","P","","50.2","0.352133184671402","0.4"
"Marty Pattin","1010074","Royals","P","","89.0","0.350793361663818","0.4"
"Jeff Little","1007664","Cardinals","P","","18.2","0.36146953701973","0.3"
"Julio Cruz","1002842","Mariners","2B","497","","0.342614620923996","0.3"
"Tom Herr","1005737","Cardinals","2B","242","","0.339859932661057","0.3"
"Bob Dernier","1003220","Phillies","CF","8","","0.333365142345428","0.3"
"Bill Fahey","1003897","Padres","C","265","","0.332097917795181","0.3"
"Jim Lentine","1007528","- - -","LF","205","","0.330682098865509","0.3"
"Pascual Perez","1010185","Pirates","P","","12.0","0.315185129642487","0.3"
"Steve Crawford","1002749","Red Sox","P","","32.1","0.325958222150803","0.3"
"Albert Williams","1013971","Twins","P","","77.0","0.321036964654922","0.3"
"Dave Beard","1000716","Athletics","P","","16.0","0.319662421941757","0.3"
"Tom Tellmann","1012907","Padres","P","","22.1","0.355153679847717","0.3"
"Eddie Solomon","1012268","Pirates","P","","100.1","0.207820490002632","0.3"
"Dick Tidrow","1013056","Cubs","P","","116.0","0.369501054286957","0.3"
"Larry Milbourne","1008858","Mariners","2B/SS","296","","0.301533252000809","0.3"
"Don Kainer","1006669","Rangers","P","","19.2","0.295679241418839","0.3"
"John Fulgham","1004389","Cardinals","P","","85.1","0.736251413822174","0.3"
"Harry Spilman","1012343","Reds","1B","114","","0.291104793548584","0.3"
"Rich Wortham","1014264","White Sox","P","","92.0","0.289932757616043","0.3"
"Bill Sample","1011396","Rangers","RF/CF","234","","0.281424522399902","0.3"
"Pete Rose","1011217","Phillies","1B","735","","0.280301213264465","0.3"
"Bill Nahorodny","1009442","Braves","C","167","","0.274722874164581","0.3"
"Jamie Quirk","1010621","Royals","C/3B","177","","0.267599672079086","0.3"
"Jim Rooker","1011183","Pirates","P","","18.0","0.182638347148895","0.3"
"Joey McLaughlin","1008614","Blue Jays","P","","135.2","0.261210292577744","0.3"
"Jackson Todd","1013096","Blue Jays","P","","85.0","0.252296894788742","0.3"
"Brian Downing","1003451","Angels","C/DH","108","","0.249753132462502","0.2"
"Luis Leal","1007431","Blue Jays","P","","59.2","0.246667832136154","0.2"
"Charlie Hough","1006050","- - -","P","","93.2","0.198583841323853","0.2"
"Cesar Geronimo","1004639","Reds","CF","162","","0.238504230976105","0.2"
"Randy Martz","1008207","Cubs","P","","30.1","0.302084416151047","0.2"
"Keith Macwhorter","1007937","Red Sox","P","","42.1","0.235189959406853","0.2"
"Reggie Walton","1013594","Mariners","RF/DH","88","","0.228832870721817","0.2"
"Ray Burris","1001729","Mets","P","","170.1","0.562658309936523","0.2"
"Von Joshua","1006629","Padres","CF","68","","0.225650459527969","0.2"
"Jeff Cox","1002702","Athletics","2B","194","","0.225215435028076","0.2"
"Carney Lansford","1007331","Angels","3B","670","","0.222497761249542","0.2"
"Matt Alexander","1000126","Pirates","CF/LF","3","","0.222277387976646","0.2"
"George Stablein","1012372","Padres","P","","11.2","0.217245876789093","0.2"
"Bob Ojeda","1009756","Red Sox","P","","26.0","0.220119878649712","0.2"
"Eric Rasmussen","1010704","Padres","P","","111.1","0.322027921676636","0.2"
"Dave Tobik","1013086","Tigers","P","","61.0","0.218256250023842","0.2"
"Jim Otten","1009901","Cardinals","P","","55.1","0.217123121023178","0.2"
"Mark Fidrych","1004023","Tigers","P","","44.1","0.217238739132881","0.2"
"Hector Cruz","1002839","Reds","RF/LF","83","","0.20958699285984","0.2"
"Al Olmsted","1009785","Cardinals","P","","34.2","0.223625808954239","0.2"
"Mike Griffin","1005048","Yankees","P","","54.0","0.205995008349419","0.2"
"John Milner","1008965","Pirates","1B","292","","0.20240792632103","0.2"
"Sandy Wihtol","1013935","Indians","P","","35.1","0.201495945453644","0.2"
"Terry Felton","1003979","Twins","P","","17.2","0.200639575719833","0.2"
"Manny Sarmiento","1011450","Mariners","P","","14.2","0.200362205505371","0.2"
"Freddie Patek","1010052","Angels","SS","299","","0.193742424249649","0.2"
"Steve Busby","1001745","Royals","P","","42.1","0.190554529428482","0.2"
"Craig Reynolds","1010867","Astros","SS","418","","0.185070663690567","0.2"
"Bill Campbell","1001874","Red Sox","P","","41.1","0.184433743357658","0.2"
"Win Remmerswaal","1010825","Red Sox","P","","35.1","0.177875801920891","0.2"
"Steve McCatty","1008383","Athletics","P","","221.2","0.171419769525528","0.2"
"Rod Scurry","1011700","Pirates","P","","37.2","0.155990466475487","0.2"
"Lee Smith","1012175","Cubs","P","","21.2","0.168802723288536","0.2"
"Mark Belanger","1000786","Orioles","SS","291","","0.168496370315552","0.2"
"Mike Cubbage","1002846","Twins","1B/3B","318","","0.165040075778961","0.2"
"Joe Price","1010530","Reds","P","","111.1","0.38214835524559","0.2"
"Wayne Nordhagen","1009626","White Sox","RF/LF/DH","428","","0.163400411605835","0.2"
"Tony Pena","1010153","Pirates","C","21","","0.161010354757309","0.2"
"Al Cowens","1002689","- - -","RF","584","","0.158232003450394","0.2"
"Garry Hancock","1005294","Red Sox","CF/DH","120","","0.155989438295364","0.2"
"Rick Mahler","1007988","Braves","P","","3.2","0.155871257185936","0.2"
"Silvio Martinez","1008196","Cardinals","P","","119.2","0.38060986995697","0.2"
"Tito Landrum","1007305","Cardinals","LF","85","","0.154819652438164","0.2"
"Mark Brouhard","1001484","Brewers","DH","133","","0.147552341222763","0.1"
"Pat Putnam","1010577","Rangers","1B","454","","0.14691124856472","0.1"
"Bobby Mitchell","1008996","Dodgers","CF","4","","0.139646977186203","0.1"
"Kurt Bevacqua","1000935","- - -","3B","129","","0.137005165219307","0.1"
"Geoff Combe","1002477","Reds","P","","6.2","0.135107487440109","0.1"
"Mike Barlow","1000553","Blue Jays","P","","55.0","0.134282842278481","0.1"
"Mike Parrott","1010024","Mariners","P","","94.0","0.133851990103722","0.1"
"Kim Allen","1000151","Mariners","2B","62","","0.13231697678566","0.1"
"Ken Landreaux","1007303","Twins","CF/LF","536","","0.130493611097336","0.1"
"Ron Pruitt","1010554","- - -","LF","121","","0.128473248332739","0.1"
"Jeffrey Leonard","1007535","Astros","RF","238","","0.121524877846241","0.1"
"Mark Davis","1003067","Phillies","P","","7.0","0.0766037404537201","0.1"
"Orlando Isales","1006282","Phillies","RF","6","","0.121164083480835","0.1"
"John Littlefield","1007665","Cardinals","P","","66.0","0.295481741428375","0.1"
"Scott Holman","1005972","Mets","P","","7.0","0.113218538463116","0.1"
"Randy Niemann","1009589","Astros","P","","33.0","0.0480256229639053","0.1"
"Brad Gulden","1005133","Yankees","C","3","","0.110809616744518","0.1"
"Ken Reitz","1010823","Cardinals","3B","561","","0.11029265075922","0.1"
"John Montefusco","1009065","Giants","P","","113.1","0.390274226665497","0.1"
"Mike Lum","1007831","Braves","1B/LF","103","","0.108654044568539","0.1"
"Doug Capilla","1001926","Cubs","P","","89.2","0.0739885419607162","0.1"
"Johnny Oates","1009674","Yankees","C","67","","0.10270531475544","0.1"
"Manny Castillo","1002065","Royals","3B/DH","10","","0.0954442843794823","0.1"
"John Pacella","1009933","Mets","P","","84.0","0.213889017701149","0.1"
"Garth Iorg","1006268","Blue Jays","2B/3B","237","","0.0934650972485542","0.1"
"Stan Bahnsen","1000414","Expos","P","","91.1","-0.0546500347554684","0.1"
"Alan Wirth","1014148","Athletics","P","","2.0","0.0909193530678749","0.1"
"Ken Brett","1001402","Royals","P","","13.1","0.090207576751709","0.1"
"Brian Allard","1000131","Rangers","P","","14.1","0.0880532264709473","0.1"
"Preston Hanna","1005318","Braves","P","","79.1","0.093826912343502","0.1"
"Brad Mills","1008952","Expos","3B","66","","0.0844385474920273","0.1"
"Warren Brusstar","1001599","Phillies","P","","38.2","0.0986010730266571","0.1"
"Joe Strain","1012592","Giants","2B","207","","0.0810581520199776","0.1"
"Mike Kinnunen","1006948","Twins","P","","24.2","0.0807498022913933","0.1"
"Larry Cox","1002704","Mariners","C","271","","0.0802619233727455","0.1"
"Bill Hayes","1005524","Cubs","C","9","","0.0800532102584839","0.1"
"Bobby Clark","1002269","Angels","CF/LF","275","","0.0798915028572083","0.1"
"Scott Munninghoff","1009324","Phillies","P","","6.0","-0.0415702238678932","0.1"
"Gary Wheelock","1013834","Mariners","P","","3.0","0.0779993236064911","0.1"
"Roger Holt","1005988","Yankees","2B","7","","0.0779972746968269","0.1"
"Guy Sularz","1012677","Giants","2B","77","","0.0771017819643021","0.1"
"Tim Corcoran","1002621","Tigers","1B","177","","0.0768896788358688","0.1"
"Tony Bernazard","1000889","Expos","2B/SS","202","","0.0746903717517853","0.1"
"Mark Lee","1007459","Pirates","P","","5.2","0.0256222151219845","0.1"
"Mike Marshall","1008144","Twins","P","","32.1","0.0677086934447289","0.1"
"Ed Farmer","1003935","White Sox","P","","99.2","0.0658318996429443","0.1"
"Manny Mota","1009259","Dodgers","PH/PR","7","","0.064851276576519","0.1"
"Marc Hill","1005828","- - -","C","117","","0.0624426901340485","0.1"
"Jack Perconte","1010177","Dodgers","2B","21","","0.0614446029067039","0.1"
"John Hiller","1005817","Tigers","P","","30.2","0.0607712082564831","0.1"
"Ted Wilborn","1013938","Yankees","RF/CF/LF","8","","0.0605947114527225","0.1"
"Rusty Kuntz","1007212","White Sox","CF/LF","67","","0.0599859394133091","0.1"
"Lenn Sakata","1011375","Orioles","2B","90","","0.0587725341320038","0.1"
"Sparky Lyle","1007859","- - -","P","","94.2","0.0576299726963043","0.1"
"Don McCormack","1008412","Phillies","C","1","","0.0540006905794144","0.1"
"Mike O'Berry","1009680","Cubs","C","57","","0.0503447726368904","0.1"
"John Verhoeven","1013414","Twins","P","","99.2","0.0491872243583202","0.0"
"Jerry Dybzinski","1003610","Indians","2B/SS","278","","0.0456872545182705","0.0"
"Luis Aponte","1000280","Red Sox","P","","7.0","0.0444984100759029","0.0"
"Joe Kerrigan","1006873","Orioles","P","","2.1","0.0442788824439049","0.0"
"Mike Bacsik","1000402","Twins","P","","23.0","0.0439900979399681","0.0"
"Gary Cooper","1002595","Braves","LF","2","","0.0431311652064323","0.0"
"Gil Kubski","1007193","Angels","RF","69","","0.0398732051253319","0.0"
"Vance Law","1007409","Pirates","2B/SS","78","","0.0347309783101082","0.0"
"Doug Bair","1000439","Reds","P","","85.0","0.0620915256440639","0.0"
"Dennis Littlejohn","1007660","Giants","C","38","","0.0318065732717514","0.0"
"Biff Pocoroba","1010403","Braves","C","96","","0.0298010800033808","0.0"
"Kevin Saucier","1011457","Phillies","P","","50.0","0.144914343953133","0.0"
"Bobby Sprowl","1012367","Astros","P","","1.0","0.0255493354052305","0.0"
"Vic Correll","1002639","Reds","C","19","","0.0251822154968977","0.0"
"Tim McCarver","1008378","Phillies","1B","7","","0.0236890874803066","0.0"
"Fred Kendall","1006828","Padres","C","24","","0.0226819589734077","0.0"
"Jay Howell","1006098","Reds","P","","3.1","0.022419024258852","0.0"
"Duane Kuiper","1007207","Indians","2B","166","","0.0219736937433481","0.0"
"Terry Forster","1004236","Dodgers","P","","11.2","0.0208085365593433","0.0"
"Wally Backman","1000400","Mets","2B/SS","110","","0.0200019404292107","0.0"
"Joe Lefebvre","1007474","Yankees","RF/LF","178","","0.0197314135730267","0.0"
"Tim Wallach","1013554","Expos","1B/RF/LF","12","","0.0187532715499401","0.0"
"Rich Bordi","1001199","Athletics","P","","2.0","0.0179567448794842","0.0"
"Sam Bowen","1001250","Red Sox","CF","15","","0.0172807164490223","0.0"
"Jerry Narron","1009453","Mariners","C","123","","0.0163921825587749","0.0"
"Rick Anderson","1000240","Mariners","P","","9.2","0.0142946233972907","0.0"
"Danny Walton","1013592","Rangers","DH","13","","0.0129845039919019","0.0"
"Bruce Hurst","1006222","Red Sox","P","","30.2","0.00938525982201099","0.0"
"Jerry Don Gleaton","1004772","Rangers","P","","7.0","0.00641337689012289","0.0"
"Merv Rettenmund","1010846","Angels","DH","5","","0.0051257754676044","0.0"
"Greg Gross","1005086","Phillies","RF/LF","182","","0.00325694330967963","0.0"
"Jack Brohamer","1001465","- - -","2B","223","","0.00158309936523438","0.0"
"Chuck Baker","1000446","Padres","SS","22","","0.000351746188243851","0.0"
"John Tamargo","1012816","Expos","C","58","","0.000351355818565935","0.0"
"Steve Ratzer","1010713","Expos","P","","4.0","0.0148759661242366","0.0"
"Gary Weiss","1013746","Dodgers","PH/PR","0","","0","0.0"
"German Barranca","1000587","Royals","PH/PR","0","","0","0.0"
"Fred Norman","1009632","Expos","P","","98.0","0.237446680665016","0.0"
"Pat Kelly","1006811","Blue Jays","C","7","","-0.00433927401900291","0.0"
"Jim Dorsey","1003420","Angels","P","","15.2","-0.00476414943113923","0.0"
"Rickey Keeton","1006759","Brewers","P","","28.1","-0.00690681207925081","0.0"
"Mike Heath","1005564","Athletics","C/DH","329","","-0.00919737759977579","0.0"
"Mike Phillips","1010296","Cardinals","SS","138","","-0.0113911535590887","0.0"
"Vic Harris","1005434","Brewers","RF","103","","-0.0117250774055719","0.0"
"Dennis Sherrill","1011881","Yankees","2B/SS","4","","-0.0122894318774343","0.0"
"Steve Swisher","1012795","Cardinals","C","25","","-0.0128959873691201","0.0"
"Jose Moreno","1009164","Mets","2B/3B","51","","-0.0161460041999817","0.0"
"Dave Chalk","1002114","Royals","2B/3B","190","","-0.0164920892566442","0.0"
"Charlie Spikes","1012341","Braves","RF","40","","-0.0174478944391012","0.0"
"Bob Pate","1010050","Expos","RF","45","","-0.0204807054251432","0.0"
"Mike Fischlin","1004070","Astros","SS","1","","-0.0208565630018711","0.0"
"Floyd Rayford","1010724","Orioles","3B","18","","-0.0211163349449635","0.0"
"Dave Edler","1003675","Mariners","3B","99","","-0.0217697080224752","0.0"
"Alan Knicely","1007035","Astros","PH/PR","1","","-0.0221647750586271","0.0"
"Jerry Manuel","1008086","Expos","SS","6","","-0.0231987871229649","0.0"
"Tom Veryzer","1013418","Indians","SS","383","","-0.0241351593285799","0.0"
"Chico Ruiz","1011299","Braves","3B","29","","-0.0251140333712101","0.0"
"Fred Breining","1001381","Giants","P","","6.2","-0.0283639319241047","0.0"
"Mike Boddicker","1001111","Orioles","P","","7.1","-0.0298472736030817","0.0"
"Terry Harper","1005382","Braves","LF","61","","-0.0321062281727791","0.0"
"Bernie Carbo","1001935","- - -","PH/PR","20","","-0.0338123850524426","0.0"
"Chris Bourjos","1001238","Giants","RF/LF","24","","-0.03569320961833","0.0"
"Fred Holdsworth","1005944","Brewers","P","","19.2","-0.0378949195146561","0.0"
"Nardi Contreras","1002548","White Sox","P","","13.2","-0.0393681563436985","0.0"
"Joe DeSa","1003226","Cardinals","1B/RF","11","","-0.039624284952879","0.0"
"Dave Rosello","1011206","Indians","2B/3B","131","","-0.0399530231952667","0.0"
"Dennis Lewallyn","1007572","Rangers","P","","5.2","-0.0400182269513607","0.0"
"Mike Jones","1006577","Royals","P","","4.2","-0.043682474642992","0.0"
"George Frazier","1004308","Cardinals","P","","23.0","-0.0439885705709457","0.0"
"Dennis Kinney","1006946","Padres","P","","82.2","0.00764755811542273","0.0"
"Jim Spencer","1012325","Yankees","1B","295","","-0.0449746437370777","0.0"
"Mike Ivie","1006284","Giants","1B","306","","-0.0462450757622719","0.0"
"Minnie Minoso","1008984","White Sox","PH/PR","2","","-0.0464359149336815","0.0"
"Bob Veselic","1013419","Twins","P","","4.0","-0.0469388663768768","0.0"
"Steve Macko","1007924","Cubs","3B/SS","20","","-0.0471519716084003","0.0"
"Mark Corey","1002626","Orioles","RF/LF","41","","-0.0483813174068928","0.0"
"Craig Minetto","1008977","Athletics","P","","8.0","-0.0507605411112309","-0.1"
"Bruce Berenyi","1000864","Reds","P","","27.2","0.110726028680801","-0.1"
"Manny Sanguillen","1011434","Pirates","1B","53","","-0.0518804043531418","-0.1"
"Dan Whitmer","1013902","Angels","C","102","","-0.0523632504045963","-0.1"
"Barry Evans","1003859","Padres","2B/3B","147","","-0.0530219860374928","-0.1"
"Bobby Ramos","1010675","Expos","C","37","","-0.0549073927104473","-0.1"
"Paul Blair","1001031","Yankees","RF/LF","2","","-0.0572976432740688","-0.1"
"Orlando Gonzalez","1004842","Athletics","1B/DH","80","","-0.057852316647768","-0.1"
"Nelson Norman","1009634","Rangers","SS","34","","-0.0578881055116653","-0.1"
"Bruce Bochy","1001108","Astros","C","28","","-0.0599466077983379","-0.1"
"Vic Davalillo","1003012","Dodgers","1B","6","","-0.0617073997855186","-0.1"
"Dan Larson","1007361","Phillies","P","","45.2","-0.093461275100708","-0.1"
"Bob Randall","1010689","Twins","3B","16","","-0.0629676729440689","-0.1"
"Roy Thomas","1012993","Cardinals","P","","55.0","-0.0633226484060287","-0.1"
"Ernie Camacho","1001856","Athletics","P","","11.2","-0.0656250417232513","-0.1"
"Paul Hodgson","1005889","Blue Jays","LF","46","","-0.0667200088500977","-0.1"
"Tom Griffin","1005054","Giants","P","","107.2","-0.0624075271189213","-0.1"
"Hal Dues","1003524","Expos","P","","12.1","-0.0252506732940674","-0.1"
"Eddie Milner","1008964","Reds","PH/PR","3","","-0.0689131990075111","-0.1"
"Bob Beall","1000703","Pirates","PH/PR","3","","-0.0700700283050537","-0.1"
"Bob Davis","1003036","Blue Jays","C","240","","-0.0717420503497124","-0.1"
"Ken Henderson","1005634","Cubs","RF/LF","99","","-0.0757866129279137","-0.1"
"Mike Willis","1014024","Blue Jays","P","","26.1","-0.0797035619616508","-0.1"
"Gordie Pladson","1010383","Astros","P","","41.1","0.0141072059050202","-0.1"
"Bobby Bonner","1001173","Orioles","SS","4","","-0.0814413651823997","-0.1"
"Kent Tekulve","1012905","Pirates","P","","93.0","0.0114476922899485","-0.1"
"Don Collins","1002450","Indians","P","","6.0","-0.0816843137145042","-0.1"
"Mike Hart","1005455","Rangers","CF","5","","-0.0823703557252884","-0.1"
"Kiko Garcia","1004502","Orioles","SS","340","","-0.0831818357110023","-0.1"
"Skip Lockwood","1007696","Red Sox","P","","45.2","-0.0837470218539238","-0.1"
"Bob Detherage","1003234","Royals","RF/LF","27","","-0.083894707262516","-0.1"
"Dennis Blair","1001029","Padres","P","","14.0","-0.0902069211006165","-0.1"
"Odie Davis","1003071","Rangers","SS","8","","-0.0863952934741974","-0.1"
"Scott Loucks","1007764","Astros","RF/CF","3","","-0.0932235419750214","-0.1"
"Luis Rosado","1011193","Mets","1B","4","","-0.0966198220849037","-0.1"
"Randy Moffitt","1009027","Giants","P","","16.2","-0.0850699245929718","-0.1"
"Ken Phelps","1010277","Royals","1B","4","","-0.0993341952562332","-0.1"
"Ken Macha","1007908","Expos","3B","120","","-0.100250229239464","-0.1"
"Bob Babcock","1000394","Rangers","P","","23.1","-0.101542890071869","-0.1"
"Bert Campaneris","1001868","Angels","SS","234","","-0.102320060133934","-0.1"
"Ozzie Virgil","1013439","Phillies","C","5","","-0.102364674210548","-0.1"
"Ed Figueroa","1004037","- - -","P","","97.2","-0.103128135204315","-0.1"
"Jim Slaton","1012054","Brewers","P","","16.1","-0.104998916387558","-0.1"
"George Vukovich","1013462","Phillies","RF/LF","64","","-0.105187267065048","-0.1"
"Dan Gonzales","1004829","Tigers","LF/DH","7","","-0.106180503964424","-0.1"
"Ken Schrom","1011620","Blue Jays","P","","31.0","-0.107980124652386","-0.1"
"Bruce Robinson","1011056","Yankees","C","5","","-0.10808589309454","-0.1"
"Ross Grimsley","1005071","- - -","P","","116.0","-0.15752349793911","-0.1"
"Fred Stanley","1012411","Yankees","2B/3B/SS","95","","-0.109810836613178","-0.1"
"Sal Butera","1001765","Twins","C","91","","-0.111753650009632","-0.1"
"Sheldon Burnside","1001719","Reds","P","","4.2","-0.0983739197254181","-0.1"
"Paul Householder","1006063","Reds","RF","46","","-0.113209396600723","-0.1"
"Mike Edwards","1003691","Athletics","2B","63","","-0.11404263228178","-0.1"
"Darold Knowles","1007058","Cardinals","P","","1.2","-0.117660917341709","-0.1"
"Tom Hausman","1005505","Mets","P","","122.0","0.0468660332262516","-0.1"
"Tim Flannery","1004138","Padres","2B/3B","315","","-0.119733437895775","-0.1"
"Dave Schuler","1011628","Angels","P","","12.2","-0.120550513267517","-0.1"
"Drungo Hazewood","1005539","Orioles","RF","5","","-0.120879791676998","-0.1"
"Rance Mulliniks","1009309","Royals","2B/SS","62","","-0.12259429693222","-0.1"
"Dick Drago","1003475","Red Sox","P","","132.2","-0.111091546714306","-0.1"
"Dave Heaverlo","1005569","Mariners","P","","78.2","-0.128202214837074","-0.1"
"Wayne Krenchicki","1007158","Orioles","SS","15","","-0.128363251686096","-0.1"
"Ray Cosey","1002650","Athletics","PH/PR","9","","-0.130411624908447","-0.1"
"Rusty Torres","1013137","Royals","RF/LF","80","","-0.130565896630287","-0.1"
"Mookie Wilson","1014096","Mets","CF","119","","-0.132527783513069","-0.1"
"Bob Ferris","1004011","Angels","P","","15.1","-0.133024007081985","-0.1"
"Nino Espinosa","1003830","Phillies","P","","76.1","0.0118557838723063","-0.1"
"Dale Berra","1000896","Pirates","3B/SS","268","","-0.136975020170212","-0.1"
"Jay Loviglio","1007780","Phillies","2B","6","","-0.13931693136692","-0.1"
"Rick Lysander","1007890","Athletics","P","","13.2","-0.140165641903877","-0.1"
"Jerry Terrell","1012922","Royals","LF","16","","-0.130607098340988","-0.1"
"Philip Nastu","1009460","Giants","P","","6.0","-0.143215388059616","-0.1"
"Mike Rowland","1011261","Giants","P","","27.0","-0.144468069076538","-0.1"
"Gary Thomasson","1012977","Dodgers","RF/CF/LF","129","","-0.150022447109222","-0.2"
"Mickey Mahler","1007987","Pirates","P","","1.0","-0.152638614177704","-0.2"
"Dave Lemanczyk","1007511","- - -","P","","110.0","-0.156652212142944","-0.2"
"Kirk Gibson","1004669","Tigers","CF","189","","-0.156725734472275","-0.2"
"Marshall Brant","1001359","Yankees","1B/DH","6","","-0.156993851065636","-0.2"
"Tim Raines","1406","Expos","2B","27","","-0.158375665545464","-0.2"
"Randy Johnson","1006494","White Sox","DH","25","","-0.158693760633469","-0.2"
"Stan Cliburn","1002349","Angels","C","60","","-0.159807622432709","-0.2"
"Ed Romero","1011171","Brewers","2B/SS","115","","-0.162834167480469","-0.2"
"Jeff Stember","1012478","Giants","P","","3.0","-0.151242569088936","-0.2"
"Jim Anderson","1000231","Mariners","3B/SS","355","","-0.165562331676483","-0.2"
"Dennis Martinez","1008161","Orioles","P","","99.2","-0.170126661658287","-0.2"
"Mark Souza","1012294","Athletics","P","","7.0","-0.172061830759048","-0.2"
"Rawly Eastwick","1003648","Royals","P","","22.0","-0.17211252450943","-0.2"
"Steve Yeager","1014332","Dodgers","C","248","","-0.17896543443203","-0.2"
"Ramon Aviles","1000381","Phillies","2B/SS","115","","-0.179312452673912","-0.2"
"Harry Chappas","1002154","White Sox","SS","56","","-0.185727551579475","-0.2"
"Juan Berenguer","1000865","Mets","P","","9.1","-0.186457604169846","-0.2"
"George Riley","1010966","Cubs","P","","36.0","-0.155686751008034","-0.2"
"Lenny Faedo","1003892","Twins","SS","9","","-0.191816627979279","-0.2"
"John Urrea","1013301","Cardinals","P","","64.2","-0.231394201517105","-0.2"
"Dave Tomlin","1013110","Reds","P","","26.0","-0.240707591176033","-0.2"
"Jim Tracy","1013152","Cubs","RF/LF","137","","-0.197741955518723","-0.2"
"Ken Clay","1002328","Rangers","P","","43.0","-0.199857339262962","-0.2"
"Mario Ramirez","1010670","Mets","2B/SS","26","","-0.202486753463745","-0.2"
"Craig Stimac","1012539","Padres","C","56","","-0.20756433904171","-0.2"
"Dan Ford","1004216","Angels","RF/DH","249","","-0.208577916026115","-0.2"
"Tim Lollar","1007715","Yankees","P","","32.1","-0.21088944375515","-0.2"
"Rick Sofield","1012264","Twins","CF/LF","459","","-0.212633818387985","-0.2"
"Jose Cardenal","1001937","- - -","RF","110","","-0.212738834321499","-0.2"
"Dale Murray","1009383","Expos","P","","29.1","-0.175124138593674","-0.2"
"Phil Mankowski","1008060","Mets","3B","14","","-0.220711559057236","-0.2"
"Willie Upshaw","1013293","Blue Jays","1B/DH","68","","-0.221971184015274","-0.2"
"Rob Picciolo","1010307","Athletics","2B/SS","281","","-0.224779978394508","-0.2"
"Ted Sizemore","1012027","Red Sox","2B","23","","-0.225634396076202","-0.2"
"Renie Martin","1008194","Royals","P","","137.1","-0.230949535965919","-0.2"
"Greg Johnston","1006460","Twins","CF","31","","-0.231879368424416","-0.2"
"Larvell Blanks","1001051","Braves","3B/SS","243","","-0.235817790031433","-0.2"
"Marv Foley","1004197","White Sox","C","153","","-0.236377000808716","-0.2"
"Dave Roberts","1011032","Rangers","3B/SS","251","","-0.247976258397102","-0.2"
"Ed Halicki","1005228","- - -","P","","60.1","-0.239667356014252","-0.2"
"John Flinn","1004161","Brewers","P","","37.0","-0.254696190357208","-0.3"
"Bob Sykes","1012798","Cardinals","P","","126.0","-0.0385289415717125","-0.3"
"Reid Nichols","1009567","Red Sox","CF","39","","-0.259463399648666","-0.3"
"John Montague","1009060","Angels","P","","73.2","-0.260211795568466","-0.3"
"Domingo Ramos","1010677","Blue Jays","2B/SS","18","","-0.260331362485886","-0.3"
"Jack Kucek","1007195","Blue Jays","P","","68.0","-0.2646264731884","-0.3"
"Ty Waller","1013557","Cardinals","3B","13","","-0.265548586845398","-0.3"
"Danny Ainge","1000091","Blue Jays","CF","115","","-0.26581996679306","-0.3"
"Balor Moore","1009090","Blue Jays","P","","64.2","-0.26679790019989","-0.3"
"Chico Walker","1013509","Red Sox","2B/DH","66","","-0.268324136734009","-0.3"
"Bruce Kimm","1006918","White Sox","C","273","","-0.269002705812454","-0.3"
"Dave LaPoint","1007338","Brewers","P","","15.0","-0.272222936153412","-0.3"
"Ned Yost","1014359","Brewers","C","31","","-0.274921298027039","-0.3"
"Jim Kern","1006868","Rangers","P","","63.1","-0.282142460346222","-0.3"
"Andres Mora","1009136","Indians","RF/LF","18","","-0.284597307443619","-0.3"
"Mike Macha","1007909","Blue Jays","C/3B","8","","-0.288476437330246","-0.3"
"Bill Bordley","1001200","Giants","P","","30.2","-0.33262026309967","-0.3"
"Jeff Twitty","1013245","Royals","P","","22.1","-0.300198465585709","-0.3"
"Alfredo Griffin","1005036","Blue Jays","SS","696","","-0.300233513116837","-0.3"
"Adrian Devine","1003243","Rangers","P","","28.0","-0.303362756967545","-0.3"
"Stan Papi","1009986","- - -","2B","122","","-0.303553829129669","-0.3"
"Mike Davis","1003070","Athletics","RF","107","","-0.303748369216919","-0.3"
"Steve Nicosia","1009575","Pirates","C","201","","-0.306981980800629","-0.3"
"Bombo Rivera","1011000","Twins","RF/LF","117","","-0.30702617764473","-0.3"
"Steve Comer","1002482","Rangers","P","","41.2","-0.309637099504471","-0.3"
"Lou Piniella","1010356","Yankees","LF","355","","-0.313357323408127","-0.3"
"Dave Edwards","1003684","Twins","CF/LF","215","","-0.314432144165039","-0.3"
"Paul Hartzell","1005467","Orioles","P","","17.2","-0.31892129778862","-0.3"
"Willie Montanez","1009062","- - -","1B","548","","-0.321089118719101","-0.3"
"Bobby Bonds","1001157","Cardinals","LF","270","","-0.321415930986404","-0.3"
"Tucker Ashford","1000337","Rangers","3B","35","","-0.321887820959091","-0.3"
"Bob Shirley","1011911","Padres","P","","137.0","-0.0876669660210609","-0.3"
"Doug Ault","1000368","Blue Jays","1B/DH","161","","-0.324825525283813","-0.3"
"Jesus Vega","1013393","Twins","DH","34","","-0.326848059892654","-0.3"
"Max Venable","1013401","Giants","RF/CF/LF","157","","-0.327324777841568","-0.3"
"Mickey Hatcher","1005488","Dodgers","3B/RF","90","","-0.330306619405746","-0.3"
"Jesus Figueroa","1004038","Cubs","CF/LF","216","","-0.331358343362808","-0.3"
"Ed Glynn","1004789","Mets","P","","52.1","-0.218585908412933","-0.3"
"Rich Gedman","1004592","Red Sox","C/DH","24","","-0.336303025484085","-0.3"
"Sid Monge","1009053","Indians","P","","94.1","-0.336486905813217","-0.3"
"Dave Rajsich","1010658","Rangers","P","","48.1","-0.33972704410553","-0.3"
"John Poff","1010411","Brewers","RF/DH","71","","-0.345409959554672","-0.3"
"Lerrin LaGrow","1007255","Phillies","P","","39.0","-0.361312538385391","-0.3"
"Lee May","1008303","Orioles","DH","239","","-0.347058922052383","-0.3"
"Francisco Barrios","1000603","White Sox","P","","16.1","-0.352040976285934","-0.4"
"Rick Manning","1008068","Indians","CF","555","","-0.352981954813004","-0.4"
"Butch Benton","1000854","Mets","C","24","","-0.361308723688126","-0.4"
"Larry Wolfe","1014190","Red Sox","3B","24","","-0.361883223056793","-0.4"
"Fran Mullins","1009301","White Sox","3B","72","","-0.363880604505539","-0.4"
"Carlos Lezcano","1007592","Cubs","CF","104","","-0.371050536632538","-0.4"
"Jerry Ujdur","1013269","Tigers","P","","21.1","-0.37611135840416","-0.4"
"John Vukovich","1013463","Phillies","3B","66","","-0.378676414489746","-0.4"
"Dan Norman","1009631","Mets","RF/LF","98","","-0.379641383886337","-0.4"
"Onix Concepcion","1002495","Royals","SS","15","","-0.379883527755737","-0.4"
"Keith Smith","1012169","Cardinals","RF/LF","33","","-0.382078051567078","-0.4"
"Ralph Garr","1004554","Angels","DH","46","","-0.383845776319504","-0.4"
"Tom Hutton","1006246","Expos","1B/RF","62","","-0.313351005315781","-0.4"
"Bert Roberge","1011022","Astros","P","","24.1","-0.331092953681946","-0.4"
"Mike Ramsey","1010686","Cardinals","2B/SS","129","","-0.388477385044098","-0.4"
"Mike Richardt","1010916","Rangers","2B","72","","-0.389006644487381","-0.4"
"Kim Seaman","1011702","Cardinals","P","","23.2","-0.380494087934494","-0.4"
"Dave Cash","1002041","Padres","2B","437","","-0.403321146965027","-0.4"
"Rick Sutcliffe","1012734","Dodgers","P","","110.0","-0.409545004367828","-0.4"
"Dave Ford","1004217","Orioles","P","","69.2","-0.411952614784241","-0.4"
"Cliff Johnson","1006437","- - -","1B/DH","430","","-0.412996411323547","-0.4"
"Leo Sutherland","1012740","White Sox","CF/LF","92","","-0.413646191358566","-0.4"
"Todd Cruz","1002844","- - -","SS","356","","-0.418799901381135","-0.4"
"Jerry Royster","1011270","Braves","2B/3B/LF","435","","-0.424343675374985","-0.4"
"Pedro Borbon","1001195","Cardinals","P","","19.0","-0.449700444936752","-0.4"
"Juan Beniquez","1000833","Mariners","CF","258","","-0.435928821563721","-0.4"
"Dell Alston","1000181","Indians","RF/LF","64","","-0.437874674797058","-0.4"
"Enos Cabell","1001804","Astros","3B","637","","-0.4401915371418","-0.4"
"Paul Dade","1002920","Padres","3B","65","","-0.440521866083145","-0.4"
"Joe Simpson","1011996","Mariners","RF/CF","409","","-0.449419796466827","-0.4"
"Craig Chamberlain","1002121","Royals","P","","9.1","-0.449972987174988","-0.4"
"Frank Taveras","1012852","Mets","SS","598","","-0.454735964536667","-0.5"
"Glenn Adams","1000052","Twins","DH","287","","-0.455315053462982","-0.5"
"Dave Skaggs","1012029","- - -","C","82","","-0.460970221087337","-0.5"
"Willie McCovey","1008423","Giants","1B","130","","-0.473099201917648","-0.5"
"Ted Cox","1002708","Mariners","3B","269","","-0.482882738113403","-0.5"
"Gary Christenson","1002212","Royals","P","","31.1","-0.487858206033707","-0.5"
"Jerry Augustine","1000365","Brewers","P","","69.2","-0.48948135972023","-0.5"
"Eddie Miller","1008893","Braves","CF","19","","-0.490201145410538","-0.5"
"Larry Biittner","1000962","Cubs","1B/LF","299","","-0.493930101394653","-0.5"
"Steve Ontiveros","1009825","Cubs","3B","91","","-0.494069874286652","-0.5"
"Juan Eichelberger","1003711","Padres","P","","88.2","-0.445537477731705","-0.5"
"Mike Armstrong","1000314","Padres","P","","14.1","-0.461338669061661","-0.5"
"Mario Guerrero","1005118","Athletics","SS","414","","-0.503613829612732","-0.5"
"Ricky Seilheimer","1011729","White Sox","C","57","","-0.503989279270172","-0.5"
"Randy Elliott","1003743","Athletics","DH","40","","-0.510980129241943","-0.5"
"Kevin Bell","1000814","White Sox","3B","224","","-0.512176692485809","-0.5"
"Roger Metzger","1008812","Giants","SS","31","","-0.514150977134705","-0.5"
"Mark Littell","1007657","Cardinals","P","","10.2","-0.499784499406815","-0.5"
"Rich Murray","1009398","Giants","1B","206","","-0.514871299266815","-0.5"
"Willie Norwood","1009648","Twins","RF/DH","76","","-0.545487821102142","-0.5"
"Brian Asselstine","1000343","Braves","CF/LF","235","","-0.546212673187256","-0.5"
"Ken Kravec","1007147","White Sox","P","","81.2","-0.554012537002563","-0.6"
"Duffy Dyer","1003613","Tigers","C","126","","-0.55944037437439","-0.6"
"Mark Wagner","1013488","Tigers","SS","81","","-0.575880348682404","-0.6"
"Rod Craig","1002724","Mariners","CF","264","","-0.582109153270721","-0.6"
"Tom Buskey","1001759","Blue Jays","P","","66.2","-0.583021581172943","-0.6"
"Danny Goodwin","1004864","Twins","1B/DH","134","","-0.591061532497406","-0.6"
"Gary Gray","1004970","Indians","1B/LF/DH","57","","-0.592894077301025","-0.6"
"Junior Moore","1009118","White Sox","3B","130","","-0.593262135982513","-0.6"
"Mike Paxton","1010091","Indians","P","","7.2","-0.608699142932892","-0.6"
"Thad Bosley","1001214","White Sox","CF/LF","162","","-0.620422422885895","-0.6"
"Jerry Morales","1009138","Mets","CF","216","","-0.621973037719727","-0.6"
"Julio Gonzalez","1004838","Astros","3B/SS","54","","-0.629610896110535","-0.6"
"Brian Doyle","1003456","Yankees","2B/SS","81","","-0.630282878875732","-0.6"
"Dick Davis","1003046","Brewers","RF/DH","381","","-0.651230156421661","-0.7"
"Kevin Kobel","1007067","Mets","P","","24.1","-0.627200722694397","-0.7"
"Al Hrabosky","1006116","Braves","P","","59.2","-0.651085078716278","-0.7"
"Jim Barr","1000606","Angels","P","","68.0","-0.666508674621582","-0.7"
"Bob Stinson","1012544","Mariners","C","121","","-0.680447816848755","-0.7"
"Gary Alexander","1000123","Indians","DH","198","","-0.698964357376099","-0.7"
"Mike Tyson","1013258","Cubs","2B","363","","-0.713257610797882","-0.7"
"Bo Diaz","1003261","Indians","C","221","","-0.715106844902039","-0.7"
"Mario Mendoza","1008760","Mariners","SS","305","","-0.72938859462738","-0.7"
"Dan Meyer","1008824","Mariners","LF","570","","-0.735075533390045","-0.7"
"John Ellis","1003750","Rangers","1B/DH","200","","-0.736783921718597","-0.7"
"Rennie Stennett","1012484","Giants","2B","425","","-0.73988801240921","-0.7"
"Bill Almon","1000174","- - -","2B/SS","160","","-0.758203655481339","-0.8"
"Chris Knapp","1007026","Angels","P","","117.1","-0.758553802967072","-0.8"
"Steve Braun","1001366","- - -","DH","88","","-0.761195048689842","-0.8"
"Bruce Robbins","1011019","Tigers","P","","51.2","-0.763507902622223","-0.8"
"Jack Billingham","1000970","- - -","P","","31.2","-0.770732164382935","-0.8"
"Sal Bando","1000505","Brewers","3B","291","","-0.780437529087067","-0.8"
"Don Werner","1013788","Reds","C","73","","-0.781708538532257","-0.8"
"Dave Stegman","1012460","Tigers","RF/CF/LF","147","","-0.783470451831818","-0.8"
"Dan Boitano","1001132","Brewers","P","","17.2","-0.798022449016571","-0.8"
"Joe Pettini","1010251","Giants","3B/SS","218","","-0.804256021976471","-0.8"
"Steve Dillard","1003300","Cubs","2B/3B","267","","-0.825991690158844","-0.8"
"Harold Baines","1000434","White Sox","RF","518","","-0.827393114566803","-0.8"
"Rick Bosetti","1001211","Blue Jays","CF","207","","-0.862830638885498","-0.9"
"Butch Hobson","1005872","Red Sox","3B/DH","352","","-0.866961658000946","-0.9"
"Lloyd Moseby","1009238","Blue Jays","RF","430","","-0.901091873645782","-0.9"
"Jim Norris","1009635","Rangers","RF","205","","-0.991118848323822","-1.0"
"Dickie Thon","1013033","Angels","2B/SS","285","","-1.02638232707977","-1.0"
"Don Baylor","1000700","Angels","LF/DH","380","","-1.02919387817383","-1.0"
"Joe Cannon","1001916","Blue Jays","CF/LF","51","","-1.03684973716736","-1.0"
"Luis Pujols","1010564","Astros","C","238","","-1.05721688270569","-1.1"
"Mick Kelleher","1006779","Cubs","2B/3B","107","","-1.08881819248199","-1.1"
"Jerry Martin","1008174","Cubs","RF/CF","540","","-1.0894535779953","-1.1"
"Pete LaCock","1007238","Royals","1B","176","","-1.10911297798157","-1.1"
"Byron McLaughlin","1008609","Mariners","P","","90.2","-1.1351490020752","-1.1"
"Dave Hamilton","1005271","Athletics","P","","30.0","-1.14049315452576","-1.1"
"Willie Horton","1006038","Mariners","DH","384","","-1.17898893356323","-1.2"
"Johnnie LeMaster","1007513","Giants","SS","442","","-1.18853485584259","-1.2"
"Scot Thompson","1013025","Cubs","RF","257","","-1.2247234582901","-1.2"
"Luis Gomez","1004823","Braves","SS","307","","-1.22497165203094","-1.2"
"Aurelio Rodriguez","1011100","- - -","3B","365","","-1.22721442580223","-1.2"
"Don Stanhouse","1012401","Dodgers","P","","25.0","-1.3840423822403","-1.4"
"Tom Donohue","1003391","Angels","C","230","","-1.44219779968262","-1.4"
"Pepe Frias","1004346","- - -","SS","255","","-2.33258299529552","-2.3"
